"8520","# doc = first-class.2.txt","","","","","","","","","","","","","","","",""
"8521","# speaker = К","","","","","","","","","","","","","","","",""
"8522","# sent = 725","","","","","","","","","","","","","","","",""
"8523","","В","В","PR","","","   _В_ школу нужно с","в","","","","","","PR","В","PR","В"
"8524","","школу","ШКОЛА","S f inan loc sg","","","  В _школу_ нужно с семи","у","л","о","к","ш","","S","ШКОЛА","S f inan acc sg","А"
"8525","","нужно","НУЖНО","PRAEDIC","",""," В школу _нужно_ с семи лет","о","н","ж","у","н","","PRAEDIC","НУЖНО","ADV -","О"
"8526","","с","С","PR","","","В школу нужно _с_ семи лет /","с","","","","","","PR","С","PR","С"
"8527","","семи","СЕМЬ","NUM gen - -","","","школу нужно с _семи_ лет / но","и","м","е","с","","","NUM","СЕМЬ","NUM loc - -","Ь"
"8528","","лет","ГОД","S m inan gen pl","","","нужно с семи _лет_ / но /","т","е","л","","","","S","ГОД","S m inan gen pl","Д"
"8529","","/","/","PUNCT","","","","","","","","","","PUNCT","","",""
"8530","","но","НО","CONJ","","","семи лет / _но_ / так как день","о","н","","","","","CONJ","НО","CONJ","О"
"8531","","/","/","PUNCT","","","","","","","","","","PUNCT","","",""
"8532","","так как","так как","CONJ","","","/ но / _так как_ день рождения у","к","а","к"," ","к","а","CONJ","так как","CONJ","к"
"8533","","день","ДЕНЬ","S m inan nom sg","","","но / так как _день_ рождения у ","ь","н","е","д","","","S","ДЕНЬ","S m inan acc sg","Ь"
"8534","","рождения","РОЖДЕНИЕ","S n inan gen sg","","","/ так как день _рождения_ у  мня","я","и","н","е","д","ж","S","РОЖДЕНИЕ","S n inan gen sg","Е"
"8535","","у","У","PR","","","так как день рождения _у_  мня ","у","","","","","","PR","У","PR","У"
"8536","<distinct form=""","","","","","","","","","","","","","","","",""
"8537","<dist>","мня","","","","","","","","","","","","","","",""
"8538",""">","","","","","","","","","","","","","","","",""
"8539","","меня","Я","SPRO sg 1p - acc","",""," мня  _меня_  14 сентября","я","н","е","м","","","SPRO","Я","SPRO sg 1p - acc","Я"
"8540","</distinct>","","","","","","","","","","","","","","","",""
"8541","","14","14","NUM - - -","",""," меня  _14_ сентября меня не","4","1","","","","","NUM","14","NUM - - -","4"
"8542","","сентября","СЕНТЯБРЬ","S m inan gen sg","","","меня  14 _сентября_ меня не брали","я","р","б","я","т","н","S","СЕНТЯБРЬ","S m inan gen sg","Ь"
"8543","","меня","Я","SPRO sg 1p - acc","",""," 14 сентября _меня_ не брали //","я","н","е","м","","","SPRO","Я","SPRO sg 1p - acc","Я"
"8544","","не","НЕ","PART","","","14 сентября меня _не_ брали // Семь","е","н","","","","","PART","НЕ","PART","Е"
"8545","","брали","БРАТЬ","V ipf praet pl indic - -","","","сентября меня не _брали_ // Семь лет","и","л","а","р","б","","V","БРАТЬ","V ipf praet pl indic - -","Ь"
"8546","","//","//","PUNCT","","","","","","","","","","PUNCT","","",""
"8547","","Семь","СЕМЬ","NUM nom- -","","","не брали // _Семь_ лет еще не","ь","м","е","с","","","NUM","СЕМЬ","NUM acc - -","Ь"
"8548","","лет","ГОД","S m inan gen pl","","","брали // Семь _лет_ еще не исполнилось","т","е","л","","","","S","ГОД","S m inan gen pl","Д"
"8549","","еще","ЕЩЕ","ADV -","","","// Семь лет _еще_ не исполнилось //","е","щ","е","","","","ADV","ЕЩЕ","ADV -","Е"
"8550","","не","НЕ","PART","","","Семь лет еще _не_ исполнилось // Ну","е","н","","","","","PART","НЕ","PART","Е"
"8551","","исполнилось","ИСПОЛНИТЬСЯ","V pf praet sg indic n -","","","лет еще не _исполнилось_ // Ну ,","ь","с","о","л","и","н","V","ИСПОЛНИТЬСЯ","V pf praet sg indic n -","Я"
"8552","","//","//","PUNCT","","","","","","","","","","PUNCT","","",""
"8553","","Ну","НУ","PART","","","не исполнилось // _Ну_ , все-таки мама","у","н","","","","","PART","НУ","PART","У"
"8554","",",",",","PUNCT","","","","","","","","","","PUNCT","","",""
"8555","","все-таки","ВСЕ-ТАКИ","PART","","","// Ну , _все-таки_ мама уговорила /","и","к","а","т","-","е","PART","ВСЕ-ТАКИ","PART","И"
"8556","","мама","МАМА","S f anim nom sg","","","Ну , все-таки _мама_ уговорила / и","а","м","а","м","","","S","МАМА","S f anim nom sg","А"
"8557","","уговорила","УГОВОРИТЬ","V pf praet sg indic f -","","",", все-таки мама _уговорила_ / и меня","а","л","и","р","о","в","V","УГОВОРИТЬ","V pf praet sg indic f -","Ь"
"8558","","/","/","PUNCT","","","","","","","","","","PUNCT","","",""
"8559","","и","И","CONJ","","","мама уговорила / _и_ меня взяли с","и","","","","","","CONJ","И","CONJ","И"
"8560","","меня","Я","SPRO sg 1p - acc","","","уговорила / и _меня_ взяли с условием","я","н","е","м","","","SPRO","Я","SPRO sg 1p - acc","Я"
"8561","","взяли","ВЗЯТЬ","V pf praet pl indic - -","","","/ и меня _взяли_ с условием ,","и","л","я","з","в","","V","ВЗЯТЬ","V pf praet pl indic - -","Ь"
"8562","","с","С","PR","","","и меня взяли _с_ условием , что","с","","","","","","PR","С","PR","С"
"8563","","условием","УСЛОВИЕ","S n inan ins sg","","","меня взяли с _условием_ , что если","м","е","и","в","о","л","S","УСЛОВИЕ","S n inan ins sg","Е"
"8564","",",",",","PUNCT","","","","","","","","","","PUNCT","","",""
"8565","","что","ЧТО","CONJ","","","с условием , _что_ если мне не","о","т","ч","","","","CONJ","ЧТО","CONJ","О"
"8566","","если","ЕСЛИ","CONJ","","","условием , что _если_ мне не захочется","и","л","с","е","","","CONJ","ЕСЛИ","CONJ","И"
"8567","","мне","Я","SPRO sg 1p - dat","","",", что если _мне_ не захочется /","е","н","м","","","","SPRO","Я","SPRO sg 1p - dat","Я"
"8568","","не","НЕ","PART","","","что если мне _не_ захочется / я","е","н","","","","","PART","НЕ","PART","Е"
"8569","","захочется","ЗАХОТЕТЬСЯ","V pf fut sg indic - 3p","","","если мне не _захочется_ / я могу","я","с","т","е","ч","о","V","ЗАХОТЕТЬСЯ","V pf fut sg indic - 3p","Я"
"8570","","/","/","PUNCT","","","","","","","","","","PUNCT","","",""
"8571","","я","Я","SPRO sg 1p - nom","","","не захочется / _я_ могу не ходить","я","","","","","","SPRO","Я","SPRO sg 1p - nom","Я"
"8572","","могу","МОЧЬ","V ipf praes sg indic - 1p","","","захочется / я _могу_ не ходить ,","у","г","о","м","","","V","МОЧЬ","V ipf praes sg indic - 1p","Ь"
"8573","","не","НЕ","PART","","","/ я могу _не_ ходить , а","е","н","","","","","PART","НЕ","PART","Е"
"8574","","ходить","ХОДИТЬ","V ipf - - inf - -","","","я могу не _ходить_ , а на","ь","т","и","д","о","х","V","ХОДИТЬ","V ipf - - inf - -","Ь"
"8575","",",",",","PUNCT","","","","","","","","","","PUNCT","","",""
"8576","","а","А","CONJ","","","не ходить , _а_ на следующий год","а","","","","","","CONJ","А","CONJ","А"
"8577","","на","НА","PR","","","ходить , а _на_ следующий год пойду","а","н","","","","","PR","НА","PR","А"
"8578","","следующий","СЛЕДУЮЩИЙ","A - acc sg plen m inan","","",", а на _следующий_ год пойду //","й","и","щ","ю","у","д","A","СЛЕДУЮЩИЙ","A - acc sg plen m inan","Й"
"8579","","год","ГОД","S m inan acc sg","","","а на следующий _год_ пойду // И","д","о","г","","","","S","ГОД","S m inan acc sg","Д"
"8580","","пойду","ПОЙТИ","V pf fut sg indic - 1p","","","на следующий год _пойду_ // И учительница","у","д","й","о","п","","V","ПОЙТИ","V pf fut sg indic - 1p","И"
"8581","","//","//","PUNCT","","","","","","","","","","PUNCT","","",""
"8582","","И","И","CONJ","","","год пойду // _И_ учительница на меня","и","","","","","","CONJ","И","CONJ","И"
"8583","","учительница","УЧИТЕЛЬНИЦА","S f anim nom sg","","","пойду // И _учительница_ на меня не","а","ц","и","н","ь","л","S","УЧИТЕЛЬНИЦА","S f anim nom sg","А"
"8584","","на","НА","PR","","","// И учительница _на_ меня не обращала","а","н","","","","","PR","НА","PR","А"
"8585","","меня","Я","SPRO sg 1p - acc","","","И учительница на _меня_ не обращала внимания","я","н","е","м","","","SPRO","Я","SPRO sg 1p - acc","Я"
"8586","","не","НЕ","PART","","","учительница на меня _не_ обращала внимания /","е","н","","","","","PART","НЕ","PART","Е"
"8587","","обращала","ОБРАЩАТЬ","V ipf praet sg indic f -","","","на меня не _обращала_ внимания / считала","а","л","а","щ","а","р","V","ОБРАЩАТЬ","V ipf praet sg indic f -","Ь"
"8588","","внимания","ВНИМАНИЕ","S n inan gen sg","","","меня не обращала _внимания_ / считала ,","я","и","н","а","м","и","S","ВНИМАНИЕ","S n inan gen sg","Е"
"8589","","/","/","PUNCT","","","","","","","","","","PUNCT","","",""
"8590","","считала","СЧИТАТЬ","V ipf praet sg indic f -","","","обращала внимания / _считала_ , что ладно","а","л","а","т","и","ч","V","СЧИТАТЬ","V ipf praet sg indic f -","Ь"
"8591","",",",",","PUNCT","","","","","","","","","","PUNCT","","",""
"8592","","что","ЧТО","CONJ","","","/ считала , _что_ ладно , малчик","о","т","ч","","","","CONJ","ЧТО","CONJ","О"
"8593","","ладно","ЛАДНО","PART","","","считала , что _ладно_ , малчик сидит","о","н","д","а","л","","PART","ЛАДНО","PART","О"
"8594","",",",",","PUNCT","","","","","","","","","","PUNCT","","",""
"8595","","малчик","МАЛЬЧИК","S m anim nom sg","distort","","что ладно , _малчик_ сидит , сидит","к","и","ч","л","а","м","S","МАЛЧИК","S f inan nom sg","К"
"8596","","сидит","СИДЕТЬ","V ipf praes sg indic - 3p","","","ладно , малчик _сидит_ , сидит //","т","и","д","и","с","","V","СИДЕТЬ","V ipf praes sg indic - 3p","Ь"
"8597","",",",",","PUNCT","","","","","","","","","","PUNCT","","",""
"8598","","сидит","СИДЕТЬ","V ipf praes sg indic - 3p","","","малчик сидит , _сидит_ // И прошло","т","и","д","и","с","","V","СИДЕТЬ","V ipf praes sg indic - 3p","Ь"
"8599","","//","//","PUNCT","","","","","","","","","","PUNCT","","",""
"8600","","И","И","CONJ","","",", сидит // _И_ прошло где-то уже","и","","","","","","CONJ","И","CONJ","И"
"8601","","прошло","ПРОЙТИ","V pf praet sg indic n -","","","сидит // И _прошло_ где-то уже с","о","л","ш","о","р","п","V","ПРОЙТИ","V pf praet sg indic n -","И"
"8602","","где-то","ГДЕ-ТО","ADV -","","","// И прошло _где-то_ уже с полмесяца","о","т","-","е","д","г","ADV","ГДЕ-ТО","ADV -","О"
"8603","","уже","УЖЕ","ADV -","","","И прошло где-то _уже_ с полмесяца ,","е","ж","у","","","","ADV","УЖЕ","ADV -","Е"
"8604","","с","С","PR","","","прошло где-то уже _с_ полмесяца , может","с","","","","","","PR","С","PR","С"
"8605","","полмесяца","ПОЛМЕСЯЦА","S n inan gen pl","","","где-то уже с _полмесяца_ , может больше","а","ц","я","с","е","м","S","ПОЛМЕСЯЦА","S n inan acc pl","А"
"8606","",",",",","PUNCT","","","","","","","","","","PUNCT","","",""
"8607","","может","МОЧЬ","V ipf praes sg indic - 3p","","","с полмесяца , _может_ больше месяца /","т","е","ж","о","м","","V","МОЧЬ","V ipf praes sg indic - 3p","Ь"
"8608","","больше","МНОГО","ADV comp","","","полмесяца , может _больше_ месяца / и","е","ш","ь","л","о","б","ADV","МНОГО","ADV comp","О"
"8609","","месяца","МЕСЯЦ","S m inan gen sg","","",", может больше _месяца_ / и все-таки","а","ц","я","с","е","м","S","МЕСЯЦ","S m inan gen sg","Ц"
"8610","","/","/","PUNCT","","","","","","","","","","PUNCT","","",""
"8611","","и","И","CONJ","","","больше месяца / _и_ все-таки она меня","и","","","","","","CONJ","И","CONJ","И"
"8612","","все-таки","ВСЕ-ТАКИ","PART","","","месяца / и _все-таки_ она меня /","и","к","а","т","-","е","PART","ВСЕ-ТАКИ","PART","И"
"8613","","она","ОНА","SPRO sg 3p f nom","","","/ и все-таки _она_ меня / попросила","а","н","о","","","","SPRO","ОНА","SPRO sg 3p f nom","А"
"8614","","меня","Я","SPRO sg 1p - acc","","","и все-таки она _меня_ / попросила почитать","я","н","е","м","","","SPRO","Я","SPRO sg 1p - acc","Я"
"8615","","/","/","PUNCT","","","","","","","","","","PUNCT","","",""
"8616","","попросила","ПОПРОСИТЬ","V pf praet sg indic f -","","","она меня / _попросила_ почитать в букваре","а","л","и","с","о","р","V","ПОПРОСИТЬ","V pf praet sg indic f -","Ь"
"8617","","почитать","ПОЧИТАТЬ","V ipf - - inf - -","","","меня / попросила _почитать_ в букваре //","ь","т","а","т","и","ч","V","ПОЧИТАТЬ","V ipf - - inf - -","Ь"
"8618","","в","В","PR","","","/ попросила почитать _в_ букваре // Ну","в","","","","","","PR","В","PR","В"
"8619","","букваре","БУКВАРЬ","S m inan loc sg","","","попросила почитать в _букваре_ // Ну а","е","р","а","в","к","у","S","БУКВАРЬ","S m inan loc sg","Ь"
"8620","","//","//","PUNCT","","","","","","","","","","PUNCT","","",""
"8621","","Ну","НУ","PART","","","в букваре // _Ну_ а раз на","у","н","","","","","PART","НУ","PART","У"
"8622","","а","А","CONJ","","","букваре // Ну _а_ раз на меня","а","","","","","","CONJ","А","CONJ","А"
"8623","","раз","РАЗ","PART","","","// Ну а _раз_ на меня не","з","а","р","","","","S","РАЗ","S m inan nom sg","З"
"8624","","на","НА","PR","","","Ну а раз _на_ меня не обращали","а","н","","","","","PR","НА","PR","А"
"8625","","меня","Я","SPRO sg 1p - acc","","","а раз на _меня_ не обращали внимания","я","н","е","м","","","SPRO","Я","SPRO sg 1p - acc","Я"
"8626","","не","НЕ","PART","","","раз на меня _не_ обращали внимания ,","е","н","","","","","PART","НЕ","PART","Е"
"8627","","обращали","ОБРАЩАТЬ","V ipf praet pl indic - -","","","на меня не _обращали_ внимания , я","и","л","а","щ","а","р","V","ОБРАЩАТЬ","V ipf praet pl indic - -","Ь"
"8628","","внимания","ВНИМАНИЕ","S n inan gen sg","","","меня не обращали _внимания_ , я /","я","и","н","а","м","и","S","ВНИМАНИЕ","S n inan gen sg","Е"
"8629","",",",",","PUNCT","","","","","","","","","","PUNCT","","",""
"8630","","я","Я","SPRO sg 1p - nom","","","обращали внимания , _я_ / собственно ,","я","","","","","","SPRO","Я","SPRO sg 1p - nom","Я"
"8631","","/","/","PUNCT","","","","","","","","","","PUNCT","","",""
"8632","","собственно","СОБСТВЕННО","ADV -","","",", я / _собственно_ , и читать","о","н","н","е","в","т","ADV","СОБСТВЕННО","ADV -","О"
"8633","",",",",","PUNCT","","","","","","","","","","PUNCT","","",""
"8634","","и","И","CONJ","","","/ собственно , _и_ читать не умел","и","","","","","","CONJ","И","CONJ","И"
"8635","","читать","ЧИТАТЬ","V ipf - - inf - -","","","собственно , и _читать_ не умел .","ь","т","а","т","и","ч","V","ЧИТАТЬ","V ipf - - inf - -","Ь"
"8636","","не","НЕ","PART","","",", и читать _не_ умел . //","е","н","","","","","PART","НЕ","PART","Е"
"8637","","умел","УМЕТЬ","V ipf praet sg indic m -","","","и читать не _умел_ . // Ну","л","е","м","у","","","V","УМЕТЬ","V ipf praet sg indic m -","Ь"
"8638","",".",".","PUNCT","","","","","","","","","","PUNCT","","",""
"8639","","//","//","PUNCT","","","","","","","","","","PUNCT","","",""
"8640","","Ну","НУ","PART","","","умел . // _Ну_ я стал ей","у","н","","","","","PART","НУ","PART","У"
"8641","","я","Я","SPRO sg 1p - nom","","",". // Ну _я_ стал ей рассказывать","я","","","","","","SPRO","Я","SPRO sg 1p - nom","Я"
"8642","","стал","СТАТЬ","V pf praet sg indic m -","","","// Ну я _стал_ ей рассказывать ...","л","а","т","с","","","V","СТАТЬ","V pf praet sg indic m -","Ь"
"8643","","ей","ОНА","SPRO sg 3p f dat","","","Ну я стал _ей_ рассказывать ... ","й","е","","","","","SPRO","ОНА","SPRO sg 3p f dat","А"
"8644","","рассказывать","РАССКАЗЫВАТЬ","V ipf - - inf - -","","","я стал ей _рассказывать_ ...  ","ь","т","а","в","ы","з","V","РАССКАЗЫВАТЬ","V ipf - - inf - -","Ь"
"8645","","...","...","PUNCT","","","","","","","","","","PUNCT","","",""
"8646","","","","","","","","","","","","","","","","",""
"8647","# sent = 726","","","","","","","","","","","","","","","",""
"8648","","Там","ТАМ","ADV 0","","","...   _Там_ смотя на картинки","м","а","т","","","","ADV","ТАМ","ADV -","М"
"8649","","смотя","СМОТЯ","S f inan nom sg","distort","","  Там _смотя_ на картинки ,","я","т","о","м","с","","S","СМОТЯ","S f anim nom sg","Я"
"8650","","на","НА","PR","",""," Там смотя _на_ картинки , стал","а","н","","","","","PR","НА","PR","А"
"8651","","картинки","КАРТИНКА","S f inan gen sg","","","Там смотя на _картинки_ , стал ей","и","к","н","и","т","р","S","КАРТИНКА","S f inan gen sg","А"
"8652","",",",",","PUNCT","","","","","","","","","","PUNCT","","",""
"8653","","стал","СТАТЬ","V pf praet sg indic m -","","","на картинки , _стал_ ей рассказывать :","л","а","т","с","","","V","СТАТЬ","V pf praet sg indic m -","Ь"
"8654","","ей","ОНА","SPRO sg 3p f dat","","","картинки , стал _ей_ рассказывать : ""","й","е","","","","","SPRO","ОНА","SPRO sg 3p f dat","А"
"8655","","рассказывать","РАССКАЗЫВАТЬ","V ipf - - inf - -","","",", стал ей _рассказывать_ : "" Мама","ь","т","а","в","ы","з","V","РАССКАЗЫВАТЬ","V ipf - - inf - -","Ь"
"8656","",":",":","PUNCT","","","","","","","","","","PUNCT","","",""
"8657","","""","""","PUNCT","","","","","","","","","","PUNCT","","",""
"8658","","Мама","МАМА","S f anim nom sg","","","рассказывать : "" _Мама_ мыла раму ..","а","м","а","м","","","S","МАМА","S f anim nom sg","А"
"8659","","мыла","МЫТЬ","V ipf praet sg indic f -","","",": "" Мама _мыла_ раму .. ""","а","л","ы","м","","","V","МЫТЬ","V ipf praet sg indic f -","Ь"
"8660","","раму","РАМА","S f inan acc sg","","",""" Мама мыла _раму_ .. "" -","у","м","а","р","","","S","РАМА","S f inan acc sg","А"
"8661","","..","..","PUNCT","","","","","","","","","","PUNCT","","",""
"8662","","""","""","PUNCT","","","","","","","","","","PUNCT","","",""
"8663","","-","-","PUNCT","","","","","","","","","","PUNCT","","",""
"8664","","ну","НУ","PART","","",".. "" - _ну_ , что-то еще","у","н","","","","","PART","НУ","PART","У"
"8665","",",",",","PUNCT","","","","","","","","","","PUNCT","","",""
"8666","","что-то","ЧТО-ТО","SPRO n inan nom sg","","","- ну , _что-то_ еще . //","о","т","-","о","т","ч","SPRO","ЧТО-ТО","S n - nom sg","О"
"8667","","еще","ЕЩЕ","ADV -","","","ну , что-то _еще_ . // Она","е","щ","е","","","","ADV","ЕЩЕ","ADV -","Е"
"8668","",".",".","PUNCT","","","","","","","","","","PUNCT","","",""
"8669","","//","//","PUNCT","","","","","","","","","","PUNCT","","",""
"8670","","Она","ОНА","SPRO sg 3p f nom","","","еще . // _Она_ врубилась , что","а","н","о","","","","SPRO","ОНА","SPRO sg 3p f nom","А"
"8671","","врубилась","ВРУБИТЬСЯ","V pf praet sg indic f -","","",". // Она _врубилась_ , что я","ь","с","а","л","и","б","V","ВРУБИТЬСЯ","V pf praet sg indic f -","Я"
"8672","",",",",","PUNCT","","","","","","","","","","PUNCT","","",""
"8673","","что","ЧТО","CONJ","","","Она врубилась , _что_ я читать не","о","т","ч","","","","CONJ","ЧТО","CONJ","О"
"8674","","я","Я","SPRO sg 1p - nom","","","врубилась , что _я_ читать не умею","я","","","","","","SPRO","Я","SPRO sg 1p - nom","Я"
"8675","","читать","ЧИТАТЬ","V ipf - - inf - -","","",", что я _читать_ не умею ,","ь","т","а","т","и","ч","V","ЧИТАТЬ","V ipf - - inf - -","Ь"
"8676","","не","НЕ","PART","","","что я читать _не_ умею , сказала","е","н","","","","","PART","НЕ","PART","Е"
"8677","","умею","УМЕТЬ","V ipf praes sg indic - 1p","","","я читать не _умею_ , сказала моей","ю","е","м","у","","","V","УМЕТЬ","V ipf praes sg indic - 1p","Ь"
"8678","",",",",","PUNCT","","","","","","","","","","PUNCT","","",""
"8679","","сказала","СКАЗАТЬ","V pf praet sg indic f -","","","не умею , _сказала_ моей матери ,","а","л","а","з","а","к","V","СКАЗАТЬ","V pf praet sg indic f -","Ь"
"8680","","моей","МОЙ","APRO - dat sg plen f -","","","умею , сказала _моей_ матери , /","й","е","о","м","","","APRO","МОЙ","A - ins sg plen f -","Й"
"8681","","матери","МАТЕРЬ","S f anim dat sg","","",", сказала моей _матери_ , / вот","и","р","е","т","а","м","S","МАТЕРЬ","S f anim gen sg","Ь"
"8682","",",",",","PUNCT","","","","","","","","","","PUNCT","","",""
"8683","","/","/","PUNCT","","","","","","","","","","PUNCT","","",""
"8684","","вот","ВОТ","PART","","","матери , / _вот_ // Мать /","т","о","в","","","","PART","ВОТ","PART","Т"
"8685","","//","//","PUNCT","","","","","","","","","","PUNCT","","",""
"8686","","Мать","МАТЬ","S f anim nom sg","","","/ вот // _Мать_ / позанималась /","ь","т","а","м","","","S","МАТЬ","S f anim nom sg","Ь"
"8687","","/","/","PUNCT","","","","","","","","","","PUNCT","","",""
"8688","","позанималась","ПОЗАНИМАТЬСЯ","V pf praet sg indic f -","","","// Мать / _позанималась_ / немного со","ь","с","а","л","а","м","V","ПОЗАНИМАТЬСЯ","V pf praet sg indic f -","Я"
"8689","","/","/","PUNCT","","","","","","","","","","PUNCT","","",""
"8690","","немного","НЕМНОГО","ADV  0","","","/ позанималась / _немного_ со мной ,","о","г","о","н","м","е","ADV","НЕМНОГО","ADV -","О"
"8691","","со","СО","PR","","","позанималась / немного _со_ мной , ну","о","с","","","","","PR","СО","PR","О"
"8692","","мной","Я","SPRO sg 1p - ins","","","/ немного со _мной_ , ну /","й","о","н","м","","","SPRO","Я","SPRO sg 1p - ins","Я"
"8693","",",",",","PUNCT","","","","","","","","","","PUNCT","","",""
"8694","","ну","НУ","PART","","","со мной , _ну_ / я быстро","у","н","","","","","PART","НУ","PART","У"
"8695","","/","/","PUNCT","","","","","","","","","","PUNCT","","",""
"8696","","я","Я","SPRO sg 1p - nom","","",", ну / _я_ быстро все это","я","","","","","","SPRO","Я","SPRO sg 1p - nom","Я"
"8697","","быстро","БЫСТРО","ADV -","","","ну / я _быстро_ все это понял","о","р","т","с","ы","б","ADV","БЫСТРО","ADV -","О"
"8698","","все","ВСЕ","SPRO acc sg","","","/ я быстро _все_ это понял /","е","с","в","","","","S","ВСЕ","S - - acc pl","Е"
"8699","","это","ЭТО","SPRO n - nom sg","","","я быстро все _это_ понял / и","о","т","э","","","","SPRO","ЭТО","S n - nom sg","О"
"8700","","понял","ПОНЯТЬ","V pf praet sg indic m -","","","быстро все это _понял_ / и в","л","я","н","о","п","","V","ПОНЯТЬ","V pf praet sg indic m -","Ь"
"8701","","/","/","PUNCT","","","","","","","","","","PUNCT","","",""
"8702","","и","И","CONJ","","","это понял / _и_ в течении где-то","и","","","","","","CONJ","И","CONJ","И"
"8703","","в","В","PR","","","понял / и _в_ течении где-то до","в","","","","","","PR","В","PR","В"
"8704","","течении","ТЕЧЕНИЕ","PR","distort","","/ и в _течении_ где-то до Нового","и","и","н","е","ч","е","S","ТЕЧЕНИЕ","S n inan loc sg","Е"
"8705","","где-то","ГДЕ-ТО","ADV -","","","и в течении _где-то_ до Нового года","о","т","-","е","д","г","ADV","ГДЕ-ТО","ADV -","О"
"8706","","до","ДО","PR","","","в течении где-то _до_ Нового года ,","о","д","","","","","PR","ДО","PR","О"
"8707","","Нового","НОВЫЙ","A - gen sg plen m -","","","течении где-то до _Нового_ года , то есть","о","г","о","в","о","н","A","НОВЫЙ","A - gen sg plen m -","Й"
"8708","","года","ГОД","S m inan gen sg","","","где-то до Нового _года_ , то есть за","а","д","о","г","","","S","ГОД","S m inan gen sg","Д"
"8709","",",",",","PUNCT","","","","","","","","","","PUNCT","","",""
"8710","","то есть","то есть","CONJ","","","Нового года , _то есть_ за первое полугодие","ь","т","с","е"," ","о","CONJ","то есть","ADV -","ь"
"8711","","за","ЗА","PR","","","года , то есть _за_ первое полугодие я","а","з","","","","","PR","ЗА","PR","А"
"8712","","первое","ПЕРВЫЙ","ANUM - acc sg plen n inan","","",", то есть за _первое_ полугодие я прочитал","е","о","в","р","е","п","A","ПЕРВЫЙ","A - acc sg plen n inan","Й"
"8713","","полугодие","ПОЛУГОДИЕ","S n inan acc sg","","","то есть за первое _полугодие_ я прочитал все","е","и","д","о","г","у","S","ПОЛУГОДИЕ","S n inan acc sg","Е"
"8714","","я","Я","SPRO sg 1p - nom","","","за первое полугодие _я_ прочитал все учебники","я","","","","","","SPRO","Я","SPRO sg 1p - nom","Я"
"8715","","прочитал","ПРОЧЕСТЬ","V pf praet sg indic m -","","","первое полугодие я _прочитал_ все учебники за","л","а","т","и","ч","о","V","ПРОЧЕСТЬ","V pf praet sg indic m -","Ь"
"8716","","все","ВЕСЬ","APRO - nom pl plen - -","","","полугодие я прочитал _все_ учебники за первый","е","с","в","","","","APRO","ВЕСЬ","A - nom pl plen - -","Ь"
"8717","","учебники","УЧЕБНИК","S m inan nom pl","","","я прочитал все _учебники_ за первый класс","и","к","и","н","б","е","S","УЧЕБНИК","S m inan nom pl","К"
"8718","","за","ЗА","PR","","","прочитал все учебники _за_ первый класс /","а","з","","","","","PR","ЗА","PR","А"
"8719","","первый","ПЕРВЫЙ","ANUM - acc sg plen m inan","","","все учебники за _первый_ класс / и","й","ы","в","р","е","п","A","ПЕРВЫЙ","A - acc sg plen m inan","Й"
"8720","","класс","КЛАСС","S m inan acc sg","","","учебники за первый _класс_ / и опять","с","с","а","л","к","","S","КЛАСС","S m inan acc sg","С"
"8721","","/","/","PUNCT","","","","","","","","","","PUNCT","","",""
"8722","","и","И","CONJ","","","первый класс / _и_ опять ходил в","и","","","","","","CONJ","И","CONJ","И"
"8723","","опять","ОПЯТЬ","ADV - 0","","","класс / и _опять_ ходил в школу","ь","т","я","п","о","","ADV","ОПЯТЬ","ADV -","Ь"
"8724","","ходил","ХОДИТЬ","V ipf praet sg indic m -","","","/ и опять _ходил_ в школу так","л","и","д","о","х","","V","ХОДИТЬ","V ipf praet sg indic m -","Ь"
"8725","","в","В","PR","","","и опять ходил _в_ школу так /","в","","","","","","PR","В","PR","В"
"8726","","школу","ШКОЛА","S f inan loc sg","","","опять ходил в _школу_ так / ","у","л","о","к","ш","","S","ШКОЛА","S f inan acc sg","А"
"8727","","так","ТАК","ADV  0","","","ходил в школу _так_ /  не","к","а","т","","","","ADV","ТАК","ADV -","К"
"8728","","/","/","PUNCT","","","","","","","","","","PUNCT","","",""
"8729","<distinct form=""","","","","","","","","","","","","","","","",""
"8730","<dist>","не","","","","","","","","","","","","","","",""
"8731",""">","","","","","","","","","","","","","","","",""
"8732","","мне","Я","SPRO sg 1p - dat","",""," не  _мне_  уже было","е","н","м","","","","SPRO","Я","SPRO sg 1p - dat","Я"
"8733","</distinct>","","","","","","","","","","","","","","","",""
"8734","","уже","УЖЕ","ADV -","",""," мне  _уже_ было все понятно","е","ж","у","","","","ADV","УЖЕ","ADV -","Е"
"8735","","было","БЫТЬ","V ipf praet sg indic n -","","","мне  уже _было_ все понятно ,","о","л","ы","б","","","V","БЫТЬ","V ipf praet sg indic n -","Ь"
"8736","","все","ВСЕ","SPRO nom sg","",""," уже было _все_ понятно , все","е","с","в","","","","S","ВСЕ","S n - nom sg","Е"
"8737","","понятно","ПОНЯТНО","A=bref n","","","уже было все _понятно_ , все известно","о","н","т","я","н","о","ADV","ПОНЯТНО","ADV -","О"
"8738","",",",",","PUNCT","","","","","","","","","","PUNCT","","",""
"8739","","все","ВСЕ","SPRO nom sg","","","все понятно , _все_ известно // Вот","е","с","в","","","","S","ВСЕ","S - - acc pl","Е"
"8740","","известно","ИЗВЕСТНО","A =bref n","","","понятно , все _известно_ // Вот .","о","н","т","с","е","в","ADV","ИЗВЕСТНО","ADV -","О"
"8741","","//","//","PUNCT","","","","","","","","","","PUNCT","","",""
"8742","","Вот","ВОТ","PART","","","все известно // _Вот_ .  ","т","о","в","","","","PART","ВОТ","PART","Т"
"8743","",".",".","PUNCT","","","","","","","","","","PUNCT","","",""
"8744","","","","","","","","","","","","","","","","",""
"8745","# sent = 727","","","","","","","","","","","","","","","",""
"8746","","Стал","СТАТЬ","V pf praet sg indic m -","","",".   _Стал_ вопрос , что","л","а","т","с","","","V","СТАТЬ","V pf praet sg indic m -","Ь"
"8747","","вопрос","ВОПРОС","S m inan nom sg","","","  Стал _вопрос_ , что меня","с","о","р","п","о","в","S","ВОПРОС","S m inan nom sg","С"
"8748","",",",",","PUNCT","","","","","","","","","","PUNCT","","",""
"8749","","что","ЧТО","CONJ","","","Стал вопрос , _что_ меня , наверно","о","т","ч","","","","CONJ","ЧТО","CONJ","О"
"8750","","меня","Я","SPRO sg 1p - gen","","","вопрос , что _меня_ , наверно ,","я","н","е","м","","","SPRO","Я","SPRO sg 1p - acc","Я"
"8751","",",",",","PUNCT","","","","","","","","","","PUNCT","","",""
"8752","","наверно","НАВЕРНО","PARENTH","","","что меня , _наверно_ , надо через","о","н","р","е","в","а","ADV","НАВЕРНО","ADV -","О"
"8753","",",",",","PUNCT","","","","","","","","","","PUNCT","","",""
"8754","","надо","НАДО","PRAEDIC","","",", наверно , _надо_ через класс перевести","о","д","а","н","","","PRAEDIC","НАДО","ADV -","О"
"8755","","через","ЧЕРЕЗ","PR","","","наверно , надо _через_ класс перевести /","з","е","р","е","ч","","PR","ЧЕРЕЗ","PR","З"
"8756","","класс","КЛАСС","S m inan acc sg","","",", надо через _класс_ перевести / но","с","с","а","л","к","","S","КЛАСС","S m inan acc sg","С"
"8757","","перевести","ПЕРЕВЕСТИ","V pf - - inf - -","","","надо через класс _перевести_ / но в","и","т","с","е","в","е","V","ПЕРЕВЕСТИ","V pf - - inf - -","И"
"8758","","/","/","PUNCT","","","","","","","","","","PUNCT","","",""
"8759","","но","НО","CONJ","","","класс перевести / _но_ в то время","о","н","","","","","CONJ","НО","CONJ","О"
"8760","","в","В","PR","","","перевести / но _в_ то время это","в","","","","","","PR","В","PR","В"
"8761","","то","ТОТ","A - acc sg plen n inan","","","/ но в _то_ время это уже","о","т","","","","","A","ТОТ","A - acc sg plen n inan","Т"
"8762","","время","ВРЕМЯ","S n inan acc sg","","","но в то _время_ это уже не","я","м","е","р","в","","S","ВРЕМЯ","S n inan acc sg","Я"
"8763","","это","ЭТО","SPRO n - nom sg","","","в то время _это_ уже не практиковалось","о","т","э","","","","SPRO","ЭТО","S n - nom sg","О"
"8764","","уже","УЖЕ","ADV -","","","то время это _уже_ не практиковалось и","е","ж","у","","","","ADV","УЖЕ","ADV -","Е"
"8765","","не","НЕ","PART","","","время это уже _не_ практиковалось и /","е","н","","","","","PART","НЕ","PART","Е"
"8766","","практиковалось","ПРАКТИКОВАТЬСЯ","V ipf praet sg indic n -","","","это уже не _практиковалось_ и / ","ь","с","о","л","а","в","V","ПРАКТИКОВАТЬСЯ","V ipf praet sg indic n -","Я"
"8767","","и","И","CONJ","","","уже не практиковалось _и_ /  ","и","","","","","","CONJ","И","CONJ","И"
"8768","","/","/","PUNCT","","","","","","","","","","PUNCT","","",""
"8769","","","","","","","","","","","","","","","","",""
"8770","# sent = 728","","","","","","","","","","","","","","","",""
"8771","# speaker = М","","","","","","","","","","","","","","","",""
"8772","# sent = 729","","","","","","","","","","","","","","","",""
"8773","<span class=""note"">","","","","","","","","","","","","","","","",""
"8774","<note>","смеется","","","","","","","","","","","","","","",""
"8775","</span>","","","","","","","","","","","","","","","",""
"8776","","","","","","","","","","","","","","","","",""
"8777","# sent = 730","","","","","","","","","","","","","","","",""
"8778","# speaker = К","","","","","","","","","","","","","","","",""
"8779","# sent = 731","","","","","","","","","","","","","","","",""
"8780","","...","...","PUNCT","","","","","","","","","","PUNCT","","",""
"8781","","это","ЭТО","SPRO n - nom sg","","","  ... _это_ / закончилось .","о","т","э","","","","SPRO","ЭТО","S n - nom sg","О"
"8782","","/","/","PUNCT","","","","","","","","","","PUNCT","","",""
"8783","","закончилось","ЗАКОНЧИТЬСЯ","V pf praet sg indic n -","","","... это / _закончилось_ . // Вундеркинда","ь","с","о","л","и","ч","V","ЗАКОНЧИТЬСЯ","V pf praet sg indic n -","Я"
"8784","",".",".","PUNCT","","","","","","","","","","PUNCT","","",""
"8785","","//","//","PUNCT","","","","","","","","","","PUNCT","","",""
"8786","","Вундеркинда","ВУНДЕРКИНД","S m anim gen sg","","","закончилось . // _Вундеркинда_ из меня не","а","д","н","и","к","р","S","ВУНДЕРКИНД","S m anim acc sg","Д"
"8787","","из","ИЗ","PR","","",". // Вундеркинда _из_ меня не получилось","з","и","","","","","PR","ИЗ","PR","З"
"8788","","меня","Я","SPRO sg 1p - gen","","","// Вундеркинда из _меня_ не получилось //","я","н","е","м","","","SPRO","Я","SPRO sg 1p - acc","Я"
"8789","","не","НЕ","PART","","","Вундеркинда из меня _не_ получилось // ","е","н","","","","","PART","НЕ","PART","Е"
"8790","","получилось","ПОЛУЧИТЬСЯ","V pf praet sg indic n -","","","из меня не _получилось_ //  ","ь","с","о","л","и","ч","V","ПОЛУЧИТЬСЯ","V pf praet sg indic n -","Я"
"8791","","//","//","PUNCT","","","","","","","","","","PUNCT","","",""
"8792","","","","","","","","","","","","","","","","",""
"8793","# sent = 732","","","","","","","","","","","","","","","",""
"8794","# speaker = М","","","","","","","","","","","","","","","",""
"8795","# sent = 733","","","","","","","","","","","","","","","",""
"8796","","Ну","НУ","PART","","","   _Ну_ , ты все равно","у","н","","","","","PART","НУ","PART","У"
"8797","",",",",","PUNCT","","","","","","","","","","PUNCT","","",""
"8798","","ты","ТЫ","SPRO sg 2p - nom","",""," Ну , _ты_ все равно на пятерки","ы","т","","","","","SPRO","ТЫ","SPRO sg 2p - nom","Ы"
"8799","","все равно","все равно","ADV -","","","Ну , ты _все равно_ на пятерки все","о","н","в","а","р"," ","ADV","все равно","ADV -","о"
"8800","","на","НА","PR","","",", ты все равно _на_ пятерки все закончил","а","н","","","","","PR","НА","PR","А"
"8801","","пятерки","ПЯТЕРКА","S f inan acc pl","","","ты все равно на _пятерки_ все закончил ","и","к","р","е","т","я","S","ПЯТЕРКА","S f inan acc sg","А"
"8802","","все","ВСЕ","SPRO nom sg","","","все равно на пятерки _все_ закончил  ","е","с","в","","","","S","ВСЕ","S - - acc pl","Е"
"8803","","закончил","ЗАКОНЧИТЬ","V pf praet sg indic m -","","","на пятерки все _закончил_   ","л","и","ч","н","о","к","V","ЗАКОНЧИТЬ","V pf praet sg indic m -","Ь"
"8804","","","","","","","","","","","","","","","","",""
"8805","# sent = 734","","","","","","","","","","","","","","","",""
"8806","# speaker = K","","","","","","","","","","","","","","","",""
"8807","# sent = 735","","","","","","","","","","","","","","","",""
"8808","","Почти","ПОЧТИ","ADV -","","","   _Почти_ учился на одни","и","т","ч","о","п","","ADV","ПОЧТИ","ADV -","И"
"8809","","учился","УЧИТЬСЯ","V ipf praet sg indic m -","","","  Почти _учился_ на одни пятерки","я","с","л","и","ч","у","V","УЧИТЬСЯ","V ipf praet sg indic m -","Я"
"8810","","на","НА","PR","",""," Почти учился _на_ одни пятерки ,","а","н","","","","","PR","НА","PR","А"
"8811","","одни","ОДИН","ANUM - acc pl plen - inan","","","Почти учился на _одни_ пятерки , да","и","н","д","о","","","ANUM","ОДИН","A - acc pl plen - inan","Н"
"8812","","пятерки","ПЯТЕРКА","S f inan acc pl","","","учился на одни _пятерки_ , да .","и","к","р","е","т","я","S","ПЯТЕРКА","S f inan acc pl","А"
"8813","",",",",","PUNCT","","","","","","","","","","PUNCT","","",""
"8814","","да","ДА","PART","","","одни пятерки , _да_ . // И","а","д","","","","","PART","ДА","PART","А"
"8815","",".",".","PUNCT","","","","","","","","","","PUNCT","","",""
"8816","","//","//","PUNCT","","","","","","","","","","PUNCT","","",""
"8817","","И","И","CONJ","","","да . // _И_ по устным предметам","и","","","","","","CONJ","И","CONJ","И"
"8818","","по","ПО","PR","","",". // И _по_ устным предметам я","о","п","","","","","PR","ПО","PR","О"
"8819","","устным","УСТНЫЙ","A - dat pl plen - -","","","// И по _устным_ предметам я никогда","м","ы","н","т","с","у","A","УСТНЫЙ","A - dat pl plen - -","Й"
"8820","","предметам","ПРЕДМЕТ","S m inan dat pl","","","И по устным _предметам_ я никогда не","м","а","т","е","м","д","S","ПРЕДМЕТ","S m inan dat pl","Т"
"8821","","я","Я","SPRO sg 1p - nom","","","по устным предметам _я_ никогда не занимался","я","","","","","","SPRO","Я","SPRO sg 1p - nom","Я"
"8822","","никогда","НИКОГДА","ADV  0","","","устным предметам я _никогда_ не занимался дома","а","д","г","о","к","и","ADV","НИКОГДА","ADV -","А"
"8823","","не","НЕ","PART","","","предметам я никогда _не_ занимался дома .","е","н","","","","","PART","НЕ","PART","Е"
"8824","","занимался","ЗАНИМАТЬСЯ","V ipf praet sg indic m -","","","я никогда не _занимался_ дома . //","я","с","л","а","м","и","V","ЗАНИМАТЬСЯ","V ipf praet sg indic m -","Я"
"8825","","дома","ДОМА","S m inan gen sg","","","никогда не занимался _дома_ . // Мне","а","м","о","д","","","ADV","ДОМА","ADV -","А"
"8826","",".",".","PUNCT","","","","","","","","","","PUNCT","","",""
"8827","","//","//","PUNCT","","","","","","","","","","PUNCT","","",""
"8828","","Мне","Я","SPRO sg 1p - dat","","","дома . // _Мне_ хватало .. ","е","н","м","","","","SPRO","Я","SPRO sg 1p - dat","Я"
"8829","","хватало","ХВАТАТЬ","V ipf praet sg indic n -","","",". // Мне _хватало_ ..  ","о","л","а","т","а","в","V","ХВАТАТЬ","V ipf praet sg indic n -","Ь"
"8830","","..","..","PUNCT","","","","","","","","","","PUNCT","","",""
"8831","","","","","","","","","","","","","","","","",""
"8832","# sent = 736","","","","","","","","","","","","","","","",""
"8833","","Было","БЫТЬ","V ipf praet sg indic n -","","","..   _Было_ достаточно того ,","о","л","ы","б","","","V","БЫТЬ","V ipf praet sg indic n -","Ь"
"8834","","достаточно","ДОСТАТОЧНО","ADV -","","","  Было _достаточно_ того , что","о","н","ч","о","т","а","ADV","ДОСТАТОЧНО","ADV -","О"
"8835","","того","ТО","SPRO n - gen sg","",""," Было достаточно _того_ , что //","о","г","о","т","","","SPRO","ТО","S n - gen sg","О"
"8836","",",",",","PUNCT","","","","","","","","","","PUNCT","","",""
"8837","","что","ЧТО","CONJ","","","достаточно того , _что_ // прослушивал на","о","т","ч","","","","CONJ","ЧТО","CONJ","О"
"8838","","//","//","PUNCT","","","","","","","","","","PUNCT","","",""
"8839","","прослушивал","ПРОСЛУШИВАТЬ","V ipf praet sg indic m -","","",", что // _прослушивал_ на уроке //","л","а","в","и","ш","у","V","ПРОСЛУШИВАТЬ","V ipf praet sg indic m -","Ь"
"8840","","на","НА","PR","","","что // прослушивал _на_ уроке // Хватит","а","н","","","","","PR","НА","PR","А"
"8841","","уроке","УРОК","S m inan loc sg","","","// прослушивал на _уроке_ // Хватит ?","е","к","о","р","у","","S","УРОК","S m inan loc sg","К"
"8842","","//","//","PUNCT","","","","","","","","","","PUNCT","","",""
"8843","","Хватит","ХВАТИТЬ","V pf fut sg indic - 3p","","","на уроке // _Хватит_ ?  ","т","и","т","а","в","х","V","ХВАТИТЬ","V pf fut sg indic - 3p","Ь"
"8844","","?","?","PUNCT","","","","","","","","","","PUNCT","","",""
"8845","","","","","","","","","","","","","","","","",""
"8846","# sent = 737","","","","","","","","","","","","","","","",""
"8847","# speaker = M","","","","","","","","","","","","","","","",""
"8848","# sent = 738","","","","","","","","","","","","","","","",""
"8849","","Нет","НЕТ","PART","","","   _Нет_ / Почему тогда","т","е","н","","","","PART","НЕТ","PART","Т"
"8850","","/","/","PUNCT","","","","","","","","","","PUNCT","","",""
"8851","","Почему","ПОЧЕМУ","ADV -","",""," Нет / _Почему_ тогда ты не","у","м","е","ч","о","п","ADV","ПОЧЕМУ","ADV -","У"
"8852","","тогда","ТОГДА","ADV -","","","Нет / Почему _тогда_ ты не выбрал","а","д","г","о","т","","ADV","ТОГДА","ADV -","А"
"8853","","ты","ТЫ","SPRO sg 2p - nom","","","/ Почему тогда _ты_ не выбрал какую-нибудь","ы","т","","","","","SPRO","ТЫ","SPRO sg 2p - nom","Ы"
"8854","","не","НЕ","PART","","","Почему тогда ты _не_ выбрал какую-нибудь ...","е","н","","","","","PART","НЕ","PART","Е"
"8855","","выбрал","ВЫБРАТЬ","V pf praet sg indic m -","","","тогда ты не _выбрал_ какую-нибудь ... ","л","а","р","б","ы","в","V","ВЫБРАТЬ","V pf praet sg indic m -","Ь"
"8856","","какую-нибудь","КАКОЙ-НИБУДЬ","APRO - acc sg plen f inan","","","ты не выбрал _какую-нибудь_ ...  ","ь","д","у","б","и","н","APRO","КАКОЙ-НИБУДЬ","A - acc sg plen f inan","Ь"
"8857","","...","...","PUNCT","","","","","","","","","","PUNCT","","",""
"8858","","","","","","","","","","","","","","","","",""
"8859","# sent = 739","","","","","","","","","","","","","","","",""
"8860","","/","/","PUNCT","","","","","","","","","","PUNCT","","",""
"8861","","в","В","PR","","","  / _в_ этом ... ","в","","","","","","PR","В","PR","В"
"8862","","этом","ЭТО","SPRO n - loc sg","",""," / в _этом_ ...  ","м","о","т","э","","","SPRO","ЭТО","S n - loc sg","О"
"8863","","...","...","PUNCT","","","","","","","","","","PUNCT","","",""
"8864","","","","","","","","","","","","","","","","",""
"8865","# sent = 740","","","","","","","","","","","","","","","",""
"8866","","/","/","PUNCT","","","","","","","","","","PUNCT","","",""
"8867","","не","НЕ","PART","","","  / _не_ решил учиться дальше","е","н","","","","","PART","НЕ","PART","Е"
"8868","","решил","РЕШИТЬ","V pf praet sg indic m -","",""," / не _решил_ учиться дальше :","л","и","ш","е","р","","V","РЕШИТЬ","V pf praet sg indic m -","Ь"
"8869","","учиться","УЧИТЬСЯ","V ipf - - inf - -","","","/ не решил _учиться_ дальше : в","я","с","ь","т","и","ч","V","УЧИТЬСЯ","V ipf - - inf - -","Я"
"8870","","дальше","ДАЛЕКО","ADV comp","","","не решил учиться _дальше_ : в ","е","ш","ь","л","а","д","ADV","ДАЛЕКО","ADV comp","О"
"8871","",":",":","PUNCT","","","","","","","","","","PUNCT","","",""
"8872","","в","В","PR","","","учиться дальше : _в_  институуте ","в","","","","","","PR","В","PR","В"
"8873","<distinct form=""","","","","","","","","","","","","","","","",""
"8874","<dist>","институуте","","","","","","","","","","","","","","",""
"8875",""">","","","","","","","","","","","","","","","",""
"8876","","институте","ИНСТИТУТ","S m inan loc sg","",""," институуте  _институте_  ...? ","е","т","у","т","и","т","S","ИНСТИТУТ","S m inan loc sg","Т"
"8877","</distinct>","","","","","","","","","","","","","","","",""
"8878","","...?","...?","PUNCT","","","","","","","","","","PUNCT","","",""
"8879","","","","","","","","","","","","","","","","",""
"8880","# sent = 741","","","","","","","","","","","","","","","",""
"8881","","//","//","PUNCT","","","","","","","","","","PUNCT","","",""
"8882","","","","","","","","","","","","","","","","",""
"8883","# sent = 742","","","","","","","","","","","","","","","",""
"8884","# speaker = К","","","","","","","","","","","","","","","",""
"8885","# sent = 743","","","","","","","","","","","","","","","",""
"8886","","Конечно","КОНЕЧНО","PARENTH 0","","","   _Конечно_ , я хотел","о","н","ч","е","н","о","ADV","КОНЕЧНО","ADV -","О"
"8887","",",",",","PUNCT","","","","","","","","","","PUNCT","","",""
"8888","","я","Я","SPRO sg 1p - nom","",""," Конечно , _я_ хотел бы учиться","я","","","","","","SPRO","Я","SPRO sg 1p - nom","Я"
"8889","","хотел","ХОТЕТЬ","V ipf praet sg indic m -","","","Конечно , я _хотел_ бы учиться в","л","е","т","о","х","","V","ХОТЕТЬ","V ipf praet sg indic m -","Ь"
"8890","","бы","БЫ","PART","","",", я хотел _бы_ учиться в институте","ы","б","","","","","PART","БЫ","PART","Ы"
"8891","","учиться","УЧИТЬСЯ","V ipf - - inf - -","","","я хотел бы _учиться_ в институте /","я","с","ь","т","и","ч","V","УЧИТЬСЯ","V ipf - - inf - -","Я"
"8892","","в","В","PR","","","хотел бы учиться _в_ институте / ","в","","","","","","PR","В","PR","В"
"8893","","институте","ИНСТИТУТ","S m inan loc sg","","","бы учиться в _институте_ /  ","е","т","у","т","и","т","S","ИНСТИТУТ","S m inan loc sg","Т"
"8894","","/","/","PUNCT","","","","","","","","","","PUNCT","","",""
"8895","","","","","","","","","","","","","","","","",""
"8896","# sent = 744","","","","","","","","","","","","","","","",""
"8897","# speaker = М","","","","","","","","","","","","","","","",""
"8898","# sent = 745","","","","","","","","","","","","","","","",""
"8899","<span class=""note"">","","","","","","","","","","","","","","","",""
"8900","<note>","Говорят одновременно","","","","","","","","","","","","","","",""
"8901","</span>","","","","","","","","","","","","","","","",""
"8902","","","","","","","","","","","","","","","","",""
"8903","# sent = 746","","","","","","","","","","","","","","","",""
"8904","# speaker = K","","","","","","","","","","","","","","","",""
"8905","# sent = 747","","","","","","","","","","","","","","","",""
"8906","","Но","НО","CONJ","","","   _Но_ не было возможности","о","н","","","","","CONJ","НО","CONJ","О"
"8907","","не","НЕ","PART","","","  Но _не_ было возможности .","е","н","","","","","PART","НЕ","PART","Е"
"8908","","было","БЫТЬ","V ipf praet sg indic n -","",""," Но не _было_ возможности . //","о","л","ы","б","","","V","БЫТЬ","V ipf praet sg indic n -","Ь"
"8909","","возможности","ВОЗМОЖНОСТЬ","S f inan gen sg","","","Но не было _возможности_ . // Мать","и","т","с","о","н","ж","S","ВОЗМОЖНОСТЬ","S f inan loc sg","Ь"
"8910","",".",".","PUNCT","","","","","","","","","","PUNCT","","",""
"8911","","//","//","PUNCT","","","","","","","","","","PUNCT","","",""
"8912","","Мать","МАТЬ","S f anim nom sg","","","возможности . // _Мать_ умерла когда мне","ь","т","а","м","","","S","МАТЬ","S f anim nom sg","Ь"
"8913","","умерла","УМЕРЕТЬ","V pf praet sg indic f -","","",". // Мать _умерла_ когда мне было","а","л","р","е","м","у","V","УМЕРЕТЬ","V pf praet sg indic f -","Ь"
"8914","","когда","КОГДА","CONJ","","","// Мать умерла _когда_ мне было 9","а","д","г","о","к","","CONJ","КОГДА","CONJ","А"
"8915","","мне","Я","SPRO sg 1p - dat","","","Мать умерла когда _мне_ было 9 лет","е","н","м","","","","SPRO","Я","SPRO sg 1p - dat","Я"
"8916","","было","БЫТЬ","V ipf praet sg indic n -","","","умерла когда мне _было_ 9 лет /","о","л","ы","б","","","V","БЫТЬ","V ipf praet sg indic n -","Ь"
"8917","","9","9","NUM - - -","","","когда мне было _9_ лет / ,","9","","","","","","NUM","9","NUM - - -","9"
"8918","","лет","ГОД","S m inan gen pl","","","мне было 9 _лет_ / , жил","т","е","л","","","","S","ГОД","S m inan gen pl","Д"
"8919","","/","/","PUNCT","","","","","","","","","","PUNCT","","",""
"8920","",",",",","PUNCT","","","","","","","","","","PUNCT","","",""
"8921","","жил","ЖИТЬ","V ipf praet sg indic m -","","","лет / , _жил_ я у деда","л","и","ж","","","","V","ЖИТЬ","V ipf praet sg indic m -","Ь"
"8922","","я","Я","SPRO sg 1p - nom","","","/ , жил _я_ у деда ,","я","","","","","","SPRO","Я","SPRO sg 1p - nom","Я"
"8923","","у","У","PR","","",", жил я _у_ деда , а","у","","","","","","PR","У","PR","У"
"8924","","деда","ДЕД","S m anim gen sg","","","жил я у _деда_ , а тут","а","д","е","д","","","S","ДЕД","S m anim gen sg","Д"
"8925","",",",",","PUNCT","","","","","","","","","","PUNCT","","",""
"8926","","а","А","CONJ","","","у деда , _а_ тут еще /","а","","","","","","CONJ","А","CONJ","А"
"8927","","тут","ТУТ","ADV -","","","деда , а _тут_ еще / случился","т","у","т","","","","ADV","ТУТ","ADV -","Т"
"8928","","еще","ЕЩЕ","ADV -","","",", а тут _еще_ / случился пожар","е","щ","е","","","","ADV","ЕЩЕ","ADV -","Е"
"8929","","/","/","PUNCT","","","","","","","","","","PUNCT","","",""
"8930","","случился","СЛУЧИТЬСЯ","V pf praet sg indic m -","","","тут еще / _случился_ пожар , сгорел","я","с","л","и","ч","у","V","СЛУЧИТЬСЯ","V pf praet sg indic m -","Я"
"8931","","пожар","ПОЖАР","S m inan nom sg","","","еще / случился _пожар_ , сгорел дом","р","а","ж","о","п","","S","ПОЖАР","S m inan nom sg","Р"
"8932","",",",",","PUNCT","","","","","","","","","","PUNCT","","",""
"8933","","сгорел","СГОРЕТЬ","V pf praet sg indic m -","","","случился пожар , _сгорел_ дом / ,","л","е","р","о","г","с","V","СГОРЕТЬ","V pf praet sg indic m -","Ь"
"8934","","дом","ДОМ","S m inan acc sg","","","пожар , сгорел _дом_ / , в","м","о","д","","","","S","ДОМ","S m inan acc sg","М"
"8935","","/","/","PUNCT","","","","","","","","","","PUNCT","","",""
"8936","",",",",","PUNCT","","","","","","","","","","PUNCT","","",""
"8937","","в","В","PR","","","дом / , _в_ общем , не","в","","","","","","PR","В","PR","В"
"8938","","общем","ОБЩИЙ","PARENTH","","","/ , в _общем_ , не было","м","е","щ","б","о","","A","ОБЩИЙ","A - loc sg plen m -","Й"
"8939","",",",",","PUNCT","","","","","","","","","","PUNCT","","",""
"8940","","не","НЕ","PART","","","в общем , _не_ было никакой возможности","е","н","","","","","PART","НЕ","PART","Е"
"8941","","было","БЫТЬ","V ipf praet sg indic n -","","","общем , не _было_ никакой возможности .","о","л","ы","б","","","V","БЫТЬ","V ipf praet sg indic n -","Ь"
"8942","","никакой","НИКАКОЙ","APRO - gen sg plen f -","","",", не было _никакой_ возможности . //","й","о","к","а","к","и","APRO","НИКАКОЙ","A - gen sg plen f -","Й"
"8943","","возможности","ВОЗМОЖНОСТЬ","S f inan gen sg","","","не было никакой _возможности_ . // Пытались","и","т","с","о","н","ж","S","ВОЗМОЖНОСТЬ","S f inan loc sg","Ь"
"8944","",".",".","PUNCT","","","","","","","","","","PUNCT","","",""
"8945","","//","//","PUNCT","","","","","","","","","","PUNCT","","",""
"8946","","Пытались","ПЫТАТЬСЯ","V ipf praet pl indic - -","","","возможности . // _Пытались_ меня / направить","ь","с","и","л","а","т","V","ПЫТАТЬСЯ","V ipf praet pl indic - -","Я"
"8947","","меня","Я","SPRO sg 1p - gen","","",". // Пытались _меня_ / направить в","я","н","е","м","","","SPRO","Я","SPRO sg 1p - acc","Я"
"8948","","/","/","PUNCT","","","","","","","","","","PUNCT","","",""
"8949","","направить","НАПРАВИТЬ","V pf - - inf - -","","","Пытались меня / _направить_ в Нахимовское училище","ь","т","и","в","а","р","V","НАПРАВИТЬ","V pf - - inf - -","Ь"
"8950","","в","В","PR","","","меня / направить _в_ Нахимовское училище .","в","","","","","","PR","В","PR","В"
"8951","","Нахимовское","НАХИМОВСКИЙ","A - loc sg plen m -","","","/ направить в _Нахимовское_ училище . //","е","о","к","с","в","о","A","НАХИМОВСКИЙ","A - loc sg plen m -","Й"
"8952","","училище","УЧИЛИЩЕ","S n inan loc sg","","","направить в Нахимовское _училище_ . // Было","е","щ","и","л","и","ч","S","УЧИЛИЩЕ","S n inan loc sg","Е"
"8953","",".",".","PUNCT","","","","","","","","","","PUNCT","","",""
"8954","","//","//","PUNCT","","","","","","","","","","PUNCT","","",""
"8955","","Было","БЫТЬ","V ipf praet sg indic n -","","","училище . // _Было_ нас два кандидата","о","л","ы","б","","","V","БЫТЬ","V ipf praet sg indic n -","Ь"
"8956","","нас","МЫ","SPRO pl 1p - gen","","",". // Было _нас_ два кандидата от","с","а","н","","","","SPRO","МЫ","SPRO pl 1p - loc","Ы"
"8957","","два","ДВА","NUM nom m inan","","","// Было нас _два_ кандидата от района","а","в","д","","","","NUM","ДВА","NUM acc m inan","А"
"8958","","кандидата","КАНДИДАТ","S m anim gen sg","","","Было нас два _кандидата_ от района //","а","т","а","д","и","д","S","КАНДИДАТ","S m anim gen sg","Т"
"8959","","от","ОТ","PR","","","нас два кандидата _от_ района // ,","т","о","","","","","PR","ОТ","PR","Т"
"8960","","района","РАЙОН","S m inan gen sg","","","два кандидата от _района_ // , я","а","н","о","й","а","р","S","РАЙОН","S m inan gen sg","Н"
"8961","","//","//","PUNCT","","","","","","","","","","PUNCT","","",""
"8962","",",",",","PUNCT","","","","","","","","","","PUNCT","","",""
"8963","","я","Я","SPRO sg 1p - nom","","","района // , _я_ не прошел ,","я","","","","","","SPRO","Я","SPRO sg 1p - nom","Я"
"8964","","не","НЕ","PART","","","// , я _не_ прошел , потому что","е","н","","","","","PART","НЕ","PART","Е"
"8965","","прошел","ПРОЙТИ","V pf praet sg indic m -","","",", я не _прошел_ , потому что у","л","е","ш","о","р","п","V","ПРОЙТИ","V pf praet sg indic m -","И"
"8966","",",",",","PUNCT","","","","","","","","","","PUNCT","","",""
"8967","","потому что","потому что","CONJ","","","не прошел , _потому что_ у того кандидата","о","т","ч"," ","у","м","CONJ","потому что","CONJ","о"
"8968","","у","У","PR","","","прошел , потому что _у_ того кандидата отец","у","","","","","","PR","У","PR","У"
"8969","","того","ТОТ","APRO - gen sg plen m anim","","",", потому что у _того_ кандидата отец бы","о","г","о","т","","","APRO","ТОТ","A - acc sg plen m anim","Т"
"8970","","кандидата","КАНДИДАТ","S m anim gen sg","","","потому что у того _кандидата_ отец бы погибший","а","т","а","д","и","д","S","КАНДИДАТ","S m anim gen sg","Т"
"8971","","отец","ОТЕЦ","S m anim nom sg","","","у того кандидата _отец_ бы погибший ,","ц","е","т","о","","","S","ОТЕЦ","S m anim nom sg","Ц"
"8972","","бы","БЫ","PART","","","того кандидата отец _бы_ погибший , а","ы","б","","","","","PART","БЫ","PART","Ы"
"8973","","погибший","ПОГИБШИЙ","A - nom sg plen m -","","","кандидата отец бы _погибший_ , а у","й","и","ш","б","и","г","A","ПОГИБШИЙ","A - nom sg plen m -","Й"
"8974","",",",",","PUNCT","","","","","","","","","","PUNCT","","",""
"8975","","а","А","CONJ","","","бы погибший , _а_ у меня пропавший","а","","","","","","CONJ","А","CONJ","А"
"8976","","у","У","PR","","","погибший , а _у_ меня пропавший безвести","у","","","","","","PR","У","PR","У"
"8977","","меня","Я","SPRO sg 1p - gen","","",", а у _меня_ пропавший безвести .","я","н","е","м","","","SPRO","Я","SPRO sg 1p - acc","Я"
"8978","","пропавший","ПРОПАСТЬ","PARTCP pf praet acc sg plen m act inan","","","а у меня _пропавший_ безвести . ","й","и","ш","в","а","п","PARTCP","ПРОПАСТЬ","PARTCP pf praet acc sg plen m act inan","Ь"
"8979","","безвести","ВЕСТЬ","S f inan gen sg","раздельно","","у меня пропавший _безвести_ .  ","и","т","с","е","в","з","S","БЕЗВЕСТЬ","S f inan gen sg","Ь"
"8980","",".",".","PUNCT","","","","","","","","","","PUNCT","","",""
"8981","","","","","","","","","","","","","","","","",""
"8982","# sent = 748","","","","","","","","","","","","","","","",""
"8983","# speaker = М","","","","","","","","","","","","","","","",""
"8984","# sent = 749","","","","","","","","","","","","","","","",""
"8985","","А","А","CONJ","","","   _А_ это учитывалось ?","а","","","","","","CONJ","А","CONJ","А"
"8986","","это","ЭТО","SPRO n - nom sg","","","  А _это_ учитывалось ? ","о","т","э","","","","SPRO","ЭТО","S n - nom sg","О"
"8987","","учитывалось","УЧИТЫВАТЬСЯ","V ipf praet sg indic n -","",""," А это _учитывалось_ ?  ","ь","с","о","л","а","в","V","УЧИТЫВАТЬСЯ","V ipf praet sg indic n -","Я"
"8988","","?","?","PUNCT","","","","","","","","","","PUNCT","","",""
"8989","","","","","","","","","","","","","","","","",""
"8990","# sent = 750","","","","","","","","","","","","","","","",""
"8991","# speaker = K","","","","","","","","","","","","","","","",""
"8992","# sent = 751","","","","","","","","","","","","","","","",""
"8993","","Ну","НУ","PART","","","   _Ну_ , разумеется ,","у","н","","","","","PART","НУ","PART","У"
"8994","",",",",","PUNCT","","","","","","","","","","PUNCT","","",""
"8995","","разумеется","РАЗУМЕТЬСЯ","V ipf praes sg indic - 3p","",""," Ну , _разумеется_ , в то","я","с","т","е","е","м","V","РАЗУМЕТЬСЯ","V ipf praes sg indic - 3p","Я"
"8996","",",",",","PUNCT","","","","","","","","","","PUNCT","","",""
"8997","","в","В","PR","","",", разумеется , _в_ то время брали","в","","","","","","PR","В","PR","В"
"8998","","то","ТОТ","A - acc sg plen n inan","","","разумеется , в _то_ время брали детей","о","т","","","","","A","ТОТ","A - acc sg plen n inan","Т"
"8999","","время","ВРЕМЯ","S n inan acc sg","","",", в то _время_ брали детей погибших","я","м","е","р","в","","S","ВРЕМЯ","S n inan acc sg","Я"
"9000","","брали","БРАТЬ","V ipf praet pl indic - -","","","в то время _брали_ детей погибших офицеров","и","л","а","р","б","","V","БРАТЬ","V ipf praet pl indic - -","Ь"
"9001","","детей","РЕБЕНОК","S m anim acc pl","","","то время брали _детей_ погибших офицеров ,","й","е","т","е","д","","S","РЕБЕНОК","S m anim acc pl","К"
"9002","","погибших","ПОГИБШИЙ","A - gen pl plen - -","","","время брали детей _погибших_ офицеров , мм","х","и","ш","б","и","г","A","ПОГИБШИЙ","A - gen pl plen - -","Й"
"9003","","офицеров","ОФИЦЕР","S m anim gen pl","","","брали детей погибших _офицеров_ , мм ..","в","о","р","е","ц","и","S","ОФИЦЕР","S m anim gen pl","Р"
"9004","",",",",","PUNCT","","","","","","","","","","PUNCT","","",""
"9005","","мм","ММ","INTJ","","","погибших офицеров , _мм_ ..  ","м","м","","","","","INTJ","ММ","INTJ","М"
"9006","","..","..","PUNCT","","","","","","","","","","PUNCT","","",""
"9007","","","","","","","","","","","","","","","","",""
"9008","# sent = 752","","","","","","","","","","","","","","","",""
"9009","<noindex>[нрзб]</noindex>","","","","","","","","","","","","","","","",""
"9010","","училища","УЧИЛИЩЕ","S n inan gen sg","","","   _училища_ : в Суворовские","а","щ","и","л","и","ч","S","УЧИЛИЩЕ","S n inan gen sg","Е"
"9011","",":",":","PUNCT","","","","","","","","","","PUNCT","","",""
"9012","","в","В","PR","",""," училища : _в_ Суворовские , ","в","","","","","","PR","В","PR","В"
"9013","","Суворовские","СУВОРОВСКИЙ","A - acc pl plen - inan","","","училища : в _Суворовские_ ,  //","е","и","к","с","в","о","A","СУВОРОВСКИЙ","A - acc pl plen - inan","Й"
"9014","",",",",","PUNCT","","","","","","","","","","PUNCT","","",""
"9015","<noindex>[нрзб]</noindex>","","","","","","","","","","","","","","","",""
"9016","","//","//","PUNCT","","","","","","","","","","PUNCT","","",""
"9017","",".",".","PUNCT","","","","","","","","","","PUNCT","","",""
"9018","","","","","","","","","","","","","","","","",""
"9019","# sent = 753","","","","","","","","","","","","","","","",""
"9020","","Но","НО","CONJ","","",".   _Но_ все равно читал я","о","н","","","","","CONJ","НО","CONJ","О"
"9021","","все равно","все равно","ADV -","","","  Но _все равно_ читал я книжки","о","н","в","а","р"," ","ADV","все равно","ADV -","о"
"9022","","читал","ЧИТАТЬ","V ipf praet sg indic m -","",""," Но все равно _читал_ я книжки постоянно","л","а","т","и","ч","","V","ЧИТАТЬ","V ipf praet sg indic m -","Ь"
"9023","","я","Я","SPRO sg 1p - nom","","","Но все равно читал _я_ книжки постоянно прикючения","я","","","","","","SPRO","Я","SPRO sg 1p - nom","Я"
"9024","","книжки","КНИЖКА","S f inan acc pl","","","все равно читал я _книжки_ постоянно прикючения ,","и","к","ж","и","н","к","S","КНИЖКА","S f inan acc pl","А"
"9025","","постоянно","ПОСТОЯННО","A=bref n","","","читал я книжки _постоянно_ прикючения , про","о","н","н","я","о","т","ADV","ПОСТОЯННО","ADV -","О"
"9026","","прикючения","ПРИКЛЮЧЕНИЕ","S n inan gen pl","distort","","я книжки постоянно _прикючения_ , про пиратов","я","и","н","е","ч","ю","S","ПРИКЮЧЕНИЕ","S n inan acc pl","Е"
"9027","",",",",","PUNCT","","","","","","","","","","PUNCT","","",""
"9028","","про","ПРО","PR","","","постоянно прикючения , _про_ пиратов , туда","о","р","п","","","","PR","ПРО","PR","О"
"9029","","пиратов","ПИРАТ","S m anim gen pl","","","прикючения , про _пиратов_ , туда сюда","в","о","т","а","р","и","S","ПИРАТ","S m anim gen pl","Т"
"9030","",",",",","PUNCT","","","","","","","","","","PUNCT","","",""
"9031","","туда","ТУДА","ADV -","","","про пиратов , _туда_ сюда . /","а","д","у","т","","","ADV","ТУДА","ADV -","А"
"9032","","сюда","СЮДА","ADV  0","","","пиратов , туда _сюда_ . / Тем более","а","д","ю","с","","","ADV","СЮДА","ADV -","А"
"9033","",".",".","PUNCT","","","","","","","","","","PUNCT","","",""
"9034","","/","/","PUNCT","","","","","","","","","","PUNCT","","",""
"9035","","Тем более","Тем более","ADV 0","","","сюда . / _Тем более_ была большая река","е","е","л","о","б"," ","ADV","Тем более","ADV -","е"
"9036","","была","БЫТЬ","V ipf praet sg indic f -","","",". / Тем более _была_ большая река по","а","л","ы","б","","","V","БЫТЬ","V ipf praet sg indic f -","Ь"
"9037","","большая","БОЛЬШОЙ","A - nom sg plen f -","","","/ Тем более была _большая_ река по которой","я","а","ш","ь","л","о","A","БОЛЬШОЙ","A - nom sg plen f -","Й"
"9038","","река","РЕКА","S f inan nom sg","","","Тем более была большая _река_ по которой ходили","а","к","е","р","","","S","РЕКА","S f inan nom sg","А"
"9039","","по","ПО","PR","","","была большая река _по_ которой ходили пароходы","о","п","","","","","PR","ПО","PR","О"
"9040","","которой","КОТОРЫЙ","APRO - loc sg plen f -","","","большая река по _которой_ ходили пароходы .","й","о","р","о","т","о","APRO","КОТОРЫЙ","A - loc sg plen f -","Й"
"9041","","ходили","ХОДИТЬ","V ipf praet pl indic - -","","","река по которой _ходили_ пароходы . /","и","л","и","д","о","х","V","ХОДИТЬ","V ipf praet pl indic - -","Ь"
"9042","","пароходы","ПАРОХОД","S m inan nom pl","","","по которой ходили _пароходы_ . / ","ы","д","о","х","о","р","S","ПАРОХОД","S m anim nom pl","Д"
"9043","",".",".","PUNCT","","","","","","","","","","PUNCT","","",""
"9044","","/","/","PUNCT","","","","","","","","","","PUNCT","","",""
"9045","<noindex>[нрзб]</noindex>","","","","","","","","","","","","","","","",""
"9046","","мне","Я","SPRO sg 1p - dat","","",". /  _мне_ хотелось быть рекой","е","н","м","","","","SPRO","Я","SPRO sg 1p - dat","Я"
"9047","","хотелось","ХОТЕТЬСЯ","V ipf praet sg indic n -","","","/  мне _хотелось_ быть рекой .","ь","с","о","л","е","т","V","ХОТЕТЬСЯ","V ipf praet sg indic n -","Я"
"9048","","быть","БЫТЬ","V ipf - - inf - -","",""," мне хотелось _быть_ рекой . //","ь","т","ы","б","","","V","БЫТЬ","V ipf - - inf - -","Ь"
"9049","","рекой","РЕКА","S f inan ins sg","","","мне хотелось быть _рекой_ . // И","й","о","к","е","р","","S","РЕКА","S f inan ins sg","А"
"9050","",".",".","PUNCT","","","","","","","","","","PUNCT","","",""
"9051","","//","//","PUNCT","","","","","","","","","","PUNCT","","",""
"9052","","И","И","CONJ","","","рекой . // _И_ / я считал","и","","","","","","CONJ","И","CONJ","И"
"9053","","/","/","PUNCT","","","","","","","","","","PUNCT","","",""
"9054","","я","Я","SPRO sg 1p - nom","","","// И / _я_ считал , что","я","","","","","","SPRO","Я","SPRO sg 1p - nom","Я"
"9055","","считал","СЧИТАТЬ","V ipf praet sg indic m -","","","И / я _считал_ , что ага","л","а","т","и","ч","с","V","СЧИТАТЬ","V ipf praet sg indic m -","Ь"
"9056","",",",",","PUNCT","","","","","","","","","","PUNCT","","",""
"9057","","что","ЧТО","CONJ","","","я считал , _что_ ага , восемь","о","т","ч","","","","CONJ","ЧТО","CONJ","О"
"9058","","ага","АГА","PART","","","считал , что _ага_ , восемь классов","а","г","а","","","","PART","АГА","PART","А"
"9059","",",",",","PUNCT","","","","","","","","","","PUNCT","","",""
"9060","","восемь","ВОСЕМЬ","NUM gen - -","","","что ага , _восемь_ классов кончу и","ь","м","е","с","о","в","NUM","ВОСЕМЬ","NUM acc - -","Ь"
"9061","","классов","КЛАСС","S m inan gen pl","","","ага , восемь _классов_ кончу и поступлю","в","о","с","с","а","л","S","КЛАСС","S m inan gen pl","С"
"9062","","кончу","КОНЧИТЬ","V pf fut sg indic - 1p","","",", восемь классов _кончу_ и поступлю в","у","ч","н","о","к","","V","КОНЧА","S - anim acc sg","Ь"
"9063","","и","И","CONJ","","","восемь классов кончу _и_ поступлю в Казанский","и","","","","","","CONJ","И","CONJ","И"
"9064","","поступлю","ПОСТУПИТЬ","V pf fut sg indic - 1p","","","классов кончу и _поступлю_ в Казанский речевой","ю","л","п","у","т","с","V","ПОСТУПИТЬ","V pf fut sg indic - 1p","Ь"
"9065","","в","В","PR","","","кончу и поступлю _в_ Казанский речевой техникум","в","","","","","","PR","В","PR","В"
"9066","","Казанский","КАЗАНСКИЙ","S m anim nom sg","","","и поступлю в _Казанский_ речевой техникум ,","й","и","к","с","н","а","S","КАЗАНСКИЙ","S m anim nom sg","Й"
"9067","","речевой","РЕЧЕВОЙ","A - acc sg plen m inan","","","поступлю в Казанский _речевой_ техникум , /","й","о","в","е","ч","е","A","РЕЧЕВОЙ","A - acc sg plen m inan","Й"
"9068","","техникум","ТЕХНИКУМ","S m inan acc sg","","","в Казанский речевой _техникум_ , / ну","м","у","к","и","н","х","S","ТЕХНИКУМ","S m inan acc sg","М"
"9069","",",",",","PUNCT","","","","","","","","","","PUNCT","","",""
"9070","","/","/","PUNCT","","","","","","","","","","PUNCT","","",""
"9071","","ну","НУ","PART","","","техникум , / _ну_ готовили для речного","у","н","","","","","PART","НУ","PART","У"
"9072","","готовили","ГОТОВИТЬ","V ipf praet pl indic - -","","",", / ну _готовили_ для речного флота","и","л","и","в","о","т","V","ГОТОВИТЬ","V ipf praet pl indic - -","Ь"
"9073","","для","ДЛЯ","PR","","","/ ну готовили _для_ речного флота .","я","л","д","","","","PR","ДЛЯ","PR","Я"
"9074","","речного","РЕЧНОЙ","A - gen sg plen m -","","","ну готовили для _речного_ флота . ","о","г","о","н","ч","е","A","РЕЧНОЙ","A - gen sg plen m -","Й"
"9075","","флота","ФЛОТ","S m inan gen sg","","","готовили для речного _флота_ .  ат","а","т","о","л","ф","","S","ФЛОТ","S m inan gen sg","Т"
"9076","",".",".","PUNCT","","","","","","","","","","PUNCT","","",""
"9077","<distinct form=""","","","","","","","","","","","","","","","",""
"9078","<dist>","ат","","","","","","","","","","","","","","",""
"9079",""">","","","","","","","","","","","","","","","",""
"9080","","вот","ВОТ","PART","",""," ат  _вот_  Именно в","т","о","в","","","","PART","ВОТ","PART","Т"
"9081","</distinct>","","","","","","","","","","","","","","","",""
"9082","","Именно","ИМЕННО","PART 0","",""," вот  _Именно_ в тот год","о","н","н","е","м","и","PART","ИМЕННО","PART","О"
"9083","","в","В","PR","","","вот  Именно _в_ тот год когда","в","","","","","","PR","В","PR","В"
"9084","","тот","ТОТ","APRO - acc sg plen m inan","",""," Именно в _тот_ год когда я","т","о","т","","","","APRO","ТОТ","A - acc sg plen m inan","Т"
"9085","","год","ГОД","S m inan acc sg","","","Именно в тот _год_ когда я закончил","д","о","г","","","","S","ГОД","S m inan acc sg","Д"
"9086","","когда","КОГДА","CONJ","","","в тот год _когда_ я закончил семь","а","д","г","о","к","","CONJ","КОГДА","CONJ","А"
"9087","","я","Я","SPRO sg 1p - nom","","","тот год когда _я_ закончил семь классов","я","","","","","","SPRO","Я","SPRO sg 1p - nom","Я"
"9088","","закончил","ЗАКОНЧИТЬ","V pf praet sg indic m -","","","год когда я _закончил_ семь классов //","л","и","ч","н","о","к","V","ЗАКОНЧИТЬ","V pf praet sg indic m -","Ь"
"9089","","семь","СЕМЬ","NUM acc - -","","","когда я закончил _семь_ классов // стали","ь","м","е","с","","","NUM","СЕМЬ","NUM acc - -","Ь"
"9090","","классов","КЛАСС","S m inan gen pl","","","я закончил семь _классов_ // стали принимать","в","о","с","с","а","л","S","КЛАСС","S m inan gen pl","С"
"9091","","//","//","PUNCT","","","","","","","","","","PUNCT","","",""
"9092","","стали","СТАЛЬ","V pf praet pl indic -","","","семь классов // _стали_ принимать в этот","и","л","а","т","с","","S","СТАЛЬ","S f inan loc sg","Ь"
"9093","","принимать","ПРИНИМАТЬ","V ipf - - inf - -","","","классов // стали _принимать_ в этот техникум","ь","т","а","м","и","н","V","ПРИНИМАТЬ","V ipf - - inf - -","Ь"
"9094","","в","В","PR","","","// стали принимать _в_ этот техникум только","в","","","","","","PR","В","PR","В"
"9095","","этот","ЭТОТ","APRO - loc sg plen m inan","","","стали принимать в _этот_ техникум только с","т","о","т","э","","","APRO","ЭТОТ","A - acc sg plen m inan","Т"
"9096","","техникум","ТЕХНИКУМ","S m inan acc sg","","","принимать в этот _техникум_ только с десятилеткой","м","у","к","и","н","х","S","ТЕХНИКУМ","S m inan acc sg","М"
"9097","","только","ТОЛЬКО","PART","","","в этот техникум _только_ с десятилеткой .","о","к","ь","л","о","т","PART","ТОЛЬКО","PART","О"
"9098","","с","С","PR","","","этот техникум только _с_ десятилеткой . ","с","","","","","","PR","С","PR","С"
"9099","","десятилеткой","ДЕСЯТИЛЕТКА","S f inan ins sg","","","техникум только с _десятилеткой_ .  ","й","о","к","т","е","л","S","ДЕСЯТИЛЕТКА","S f inan acc sg","А"
"9100","",".",".","PUNCT","","","","","","","","","","PUNCT","","",""
"9101","","","","","","","","","","","","","","","","",""
"9102","# sent = 754","","","","","","","","","","","","","","","",""
"9103","<noindex>[нрзб]</noindex>","","","","","","","","","","","","","","","",""
"9104","","Поэтому","ПОЭТОМУ","ADV -","","","   _Поэтому_ / на лето","у","м","о","т","э","о","ADV","ПОЭТОМУ","ADV -","У"
"9105","","/","/","PUNCT","","","","","","","","","","PUNCT","","",""
"9106","","на","НА","PR","",""," Поэтому / _на_ лето я поехал","а","н","","","","","PR","НА","PR","А"
"9107","","лето","ЛЕТО","S n inan acc sg","","","Поэтому / на _лето_ я поехал на","о","т","е","л","","","S","ЛЕТО","S n inan acc sg","О"
"9108","","я","Я","SPRO sg 1p - nom","","","/ на лето _я_ поехал на каникулы","я","","","","","","SPRO","Я","SPRO sg 1p - nom","Я"
"9109","","поехал","ПОЕХАТЬ","V pf praet sg indic m -","","","на лето я _поехал_ на каникулы к","л","а","х","е","о","п","V","ПОЕХАТЬ","V pf praet sg indic m -","Ь"
"9110","","на","НА","PR","","","лето я поехал _на_ каникулы к двоюродному","а","н","","","","","PR","НА","PR","А"
"9111","","каникулы","КАНИКУЛЫ","S - inan acc pl","","","я поехал на _каникулы_ к двоюродному брату","ы","л","у","к","и","н","S","КАНИКУЛЫ","S - inan acc pl","Ы"
"9112","","к","К","PR","","","поехал на каникулы _к_ двоюродному брату //","к","","","","","","PR","К","PR","К"
"9113","","двоюродному","ДВОЮРОДНЫЙ","A - dat sg plen m -","","","на каникулы к _двоюродному_ брату // и","у","м","о","н","д","о","A","ДВОЮРОДНЫЙ","A - dat sg plen m -","Й"
"9114","","брату","БРАТ","S m anim dat sg","","","каникулы к двоюродному _брату_ // и он","у","т","а","р","б","","S","БРАТ","S m anim dat sg","Т"
"9115","","//","//","PUNCT","","","","","","","","","","PUNCT","","",""
"9116","","и","И","CONJ","","","двоюродному брату // _и_ он уговорил меня","и","","","","","","CONJ","И","CONJ","И"
"9117","","он","ОН","SPRO sg 3p m nom","","","брату // и _он_ уговорил меня ,","н","о","","","","","SPRO","ОН","SPRO sg 3p m nom","Н"
"9118","","уговорил","УГОВОРИТЬ","V pf praet sg indic m -","","","// и он _уговорил_ меня , что","л","и","р","о","в","о","V","УГОВОРИТЬ","V pf praet sg indic m -","Ь"
"9119","","меня","Я","SPRO sg 1p - gen","","","и он уговорил _меня_ , что вот","я","н","е","м","","","SPRO","Я","SPRO sg 1p - acc","Я"
"9120","",",",",","PUNCT","","","","","","","","","","PUNCT","","",""
"9121","","что","ЧТО","CONJ","","","уговорил меня , _что_ вот тут /","о","т","ч","","","","CONJ","ЧТО","CONJ","О"
"9122","","вот","ВОТ","PART","","","меня , что _вот_ тут / рядом","т","о","в","","","","PART","ВОТ","PART","Т"
"9123","","тут","ТУТ","ADV -","","",", что вот _тут_ / рядом в","т","у","т","","","","ADV","ТУТ","ADV -","Т"
"9124","","/","/","PUNCT","","","","","","","","","","PUNCT","","",""
"9125","","рядом","РЯДОМ","ADV -","","","вот тут / _рядом_ в городе Красноуфемске","м","о","д","я","р","","ADV","РЯДОМ","ADV -","М"
"9126","","в","В","PR","","","тут / рядом _в_ городе Красноуфемске есть","в","","","","","","PR","В","PR","В"
"9127","","городе","ГОРОД","S m inan loc sg","","","/ рядом в _городе_ Красноуфемске есть сельскохозяйский","е","д","о","р","о","г","S","ГОРОД","S m inan loc sg","Д"
"9128","","Красноуфемске","КРАСНОУФЕМСК","S m inan sg","","","рядом в городе _Красноуфемске_ есть сельскохозяйский техникум","е","к","с","м","е","ф","S","КРАСНОУФЕМСК","S m anim nom sg","К"
"9129","","есть","БЫТЬ","V ipf praes sg indic - 3p","","","в городе Красноуфемске _есть_ сельскохозяйский техникум ,","ь","т","с","е","","","V","БЫТЬ","V ipf praes sg indic - 3p","Ь"
"9130","","сельскохозяйский","СЕЛЬСКОХОЗЯЙСКИЙ","A - nom sg plen m inan","","","городе Красноуфемске есть _сельскохозяйский_ техникум , где","й","и","к","с","й","я","A","СЕЛЬСКОХОЗЯЙСКИЙ","A - acc sg plen m inan","Й"
"9131","","техникум","ТЕХНИКУМ","S m inan acc sg","","","Красноуфемске есть сельскохозяйский _техникум_ , где готовят","м","у","к","и","н","х","S","ТЕХНИКУМ","S m inan acc sg","М"
"9132","",",",",","PUNCT","","","","","","","","","","PUNCT","","",""
"9133","","где","ГДЕ","ADV -","","","сельскохозяйский техникум , _где_ готовят техник ..","е","д","г","","","","ADV","ГДЕ","ADV -","Е"
"9134","","готовят","ГОТОВИТЬ","V ipf praes pl indic - 3p","","","техникум , где _готовят_ техник .. техников","т","я","в","о","т","о","V","ГОТОВИТЬ","V ipf praes pl indic - 3p","Ь"
"9135","","техник","ТЕХНИК","S m anim nom sg","distort","",", где готовят _техник_ .. техников -","к","и","н","х","е","т","S","ТЕХНИК","S m anim nom sg","К"
"9136","","..","..","PUNCT","","","","","","","","","","PUNCT","","",""
"9137","","техников","ТЕХНИК","S m anim acc pl","","","готовят техник .. _техников_ - механиков .","в","о","к","и","н","х","S","ТЕХНИК","S m anim acc pl","К"
"9138","","-","-","PUNCT","","","","","","","","","","PUNCT","","",""
"9139","","механиков","МЕХАНИК","S m anim gen pl","","",".. техников - _механиков_ . // А","в","о","к","и","н","а","S","МЕХАНИК","S m anim acc pl","К"
"9140","",".",".","PUNCT","","","","","","","","","","PUNCT","","",""
"9141","","//","//","PUNCT","","","","","","","","","","PUNCT","","",""
"9142","","А","А","CONJ","","","механиков . // _А_ мне уже было","а","","","","","","CONJ","А","CONJ","А"
"9143","","мне","Я","SPRO sg 1p - dat","","",". // А _мне_ уже было все равно","е","н","м","","","","SPRO","Я","SPRO sg 1p - dat","Я"
"9144","","уже","УЖЕ","ADV -","","","// А мне _уже_ было все равно куда","е","ж","у","","","","ADV","УЖЕ","ADV -","Е"
"9145","","было","БЫТЬ","V ipf praet sg indic n -","","","А мне уже _было_ все равно куда .","о","л","ы","б","","","V","БЫТЬ","V ipf praet sg indic n -","Ь"
"9146","","все равно","все равно","ADV -","","","мне уже было _все равно_ куда . //","о","н","в","а","р"," ","ADV","все равно","ADV -","о"
"9147","","куда","КУДА","ADV  0","","","уже было все равно _куда_ . // Экзаменны","а","д","у","к","","","ADV","КУДА","ADV -","А"
"9148","",".",".","PUNCT","","","","","","","","","","PUNCT","","",""
"9149","","//","//","PUNCT","","","","","","","","","","PUNCT","","",""
"9150","","Экзаменны","ЭКЗАМЕННЫЙ","A - - pl brev - -","distort","","куда . // _Экзаменны_ мне сдавать мне","ы","н","н","е","м","а","A","ЭКЗАМЕННЫЙ","A - - pl brev - -","Й"
"9151","","мне","Я","SPRO sg 1p - dat","","",". // Экзаменны _мне_ сдавать мне было","е","н","м","","","","SPRO","Я","SPRO sg 1p - dat","Я"
"9152","","сдавать","СДАВАТЬ","V ipf - - inf - -","","","// Экзаменны мне _сдавать_ мне было не","ь","т","а","в","а","д","V","СДАВАТЬ","V ipf - - inf - -","Ь"
"9153","","мне","Я","SPRO sg 1p - dat","","","Экзаменны мне сдавать _мне_ было не надо","е","н","м","","","","SPRO","Я","SPRO sg 1p - dat","Я"
"9154","","было","БЫТЬ","V ipf praet sg indic n -","","","мне сдавать мне _было_ не надо .","о","л","ы","б","","","V","БЫТЬ","V ipf praet sg indic n -","Ь"
"9155","","не","НЕ","PART","","","сдавать мне было _не_ надо . ","е","н","","","","","PART","НЕ","PART","Е"
"9156","","надо","НАДО","PRAEDIC","","","мне было не _надо_ .  ","о","д","а","н","","","PRAEDIC","НАДО","ADV -","О"
"9157","",".",".","PUNCT","","","","","","","","","","PUNCT","","",""
"9158","","","","","","","","","","","","","","","","",""
"9159","# sent = 755","","","","","","","","","","","","","","","",""
"9160","","Экзамены","ЭКЗАМЕН","S m inan nom pl","","",".   _Экзамены_ мне сдавать было","ы","н","е","м","а","з","S","ЭКЗАМЕН","S m inan nom pl","Н"
"9161","","мне","Я","SPRO sg 1p - dat","","","  Экзамены _мне_ сдавать было не","е","н","м","","","","SPRO","Я","SPRO sg 1p - dat","Я"
"9162","","сдавать","СДАВАТЬ","V ipf - - inf - -","",""," Экзамены мне _сдавать_ было не надо","ь","т","а","в","а","д","V","СДАВАТЬ","V ipf - - inf - -","Ь"
"9163","","было","БЫТЬ","V ipf praet sg indic n -","","","Экзамены мне сдавать _было_ не надо ,","о","л","ы","б","","","V","БЫТЬ","V ipf praet sg indic n -","Ь"
"9164","","не","НЕ","PART","","","мне сдавать было _не_ надо , я","е","н","","","","","PART","НЕ","PART","Е"
"9165","","надо","НАДО","PRAEDIC","","","сдавать было не _надо_ , я кончил","о","д","а","н","","","PRAEDIC","НАДО","ADV -","О"
"9166","",",",",","PUNCT","","","","","","","","","","PUNCT","","",""
"9167","","я","Я","SPRO sg 1p - nom","","","не надо , _я_ кончил школу на","я","","","","","","SPRO","Я","SPRO sg 1p - nom","Я"
"9168","","кончил","КОНЧИТЬ","V pf praet sg indic m -","","","надо , я _кончил_ школу на пятерки","л","и","ч","н","о","к","V","КОНЧИТЬ","V pf praet sg indic m -","Ь"
"9169","","школу","ШКОЛА","S f inan acc sg","","",", я кончил _школу_ на пятерки ,","у","л","о","к","ш","","S","ШКОЛА","S f inan acc sg","А"
"9170","","на","НА","PR","","","я кончил школу _на_ пятерки , с","а","н","","","","","PR","НА","PR","А"
"9171","","пятерки","ПЯТЕРКА","S f inan acc pl","","","кончил школу на _пятерки_ , с похвальной","и","к","р","е","т","я","S","ПЯТЕРКА","S f inan acc pl","А"
"9172","",",",",","PUNCT","","","","","","","","","","PUNCT","","",""
"9173","","с","С","PR","","","на пятерки , _с_ похвальной граммотой .","с","","","","","","PR","С","PR","С"
"9174","","похвальной","ПОХВАЛЬНЫЙ","A - ins sg plen f -","","","пятерки , с _похвальной_ граммотой . ","й","о","н","ь","л","а","A","ПОХВАЛЬНЫЙ","A - dat sg plen f -","Й"
"9175","","грамотой","ГРАМОТА","S f inan ins sg","","",", с похвальной _граммотой_ .  ","й","о","т","о","м","а","S","ГРАММОТА","S f inan dat sg","А"
"9176","",".",".","PUNCT","","","","","","","","","","PUNCT","","",""
"9177","","","","","","","","","","","","","","","","",""
"9178","# sent = 756","","","","","","","","","","","","","","","",""
"9179","","И","И","CONJ","","",".   _И_ поступил я в","и","","","","","","CONJ","И","CONJ","И"
"9180","","поступил","ПОСТУПИТЬ","V pf praet sg indic m -","","","  И _поступил_ я в этот","л","и","п","у","т","с","V","ПОСТУПИТЬ","V pf praet sg indic m -","Ь"
"9181","","я","Я","SPRO sg 1p - nom","",""," И поступил _я_ в этот техникум","я","","","","","","SPRO","Я","SPRO sg 1p - nom","Я"
"9182","","в","В","PR","","","И поступил я _в_ этот техникум .","в","","","","","","PR","В","PR","В"
"9183","","этот","ЭТОТ","APRO - loc sg plen m inan","","","поступил я в _этот_ техникум . ","т","о","т","э","","","APRO","ЭТОТ","A - acc sg plen m inan","Т"
"9184","","техникум","ТЕХНИКУМ","S m inan acc sg","","","я в этот _техникум_ .  ","м","у","к","и","н","х","S","ТЕХНИКУМ","S m inan acc sg","М"
"9185","",".",".","PUNCT","","","","","","","","","","PUNCT","","",""
"9186","","","","","","","","","","","","","","","","",""
"9187","# sent = 757","","","","","","","","","","","","","","","",""
"9188","# speaker = М","","","","","","","","","","","","","","","",""
"9189","# sent = 758","","","","","","","","","","","","","","","",""
"9190","","Ну","НУ","PART","","","   _Ну_ хорошо , следующая","у","н","","","","","PART","НУ","PART","У"
"9191","","хорошо","ХОРОШО","ADV 0","","","  Ну _хорошо_ , следующая серия","о","ш","о","р","о","х","ADV","ХОРОШО","ADV -","О"
"9192","",",",",","PUNCT","","","","","","","","","","PUNCT","","",""
"9193","","следующая","СЛЕДУЮЩИЙ","A - nom sg plen f -","","","Ну хорошо , _следующая_ серия / потом","я","а","щ","ю","у","д","A","СЛЕДУЮЩИЙ","A - nom sg plen f -","Й"
"9194","","серия","СЕРИЯ","S f inan nom sg","","","хорошо , следующая _серия_ / потом //","я","и","р","е","с","","S","СЕРИЯ","S f inan nom sg","Я"
"9195","","/","/","PUNCT","","","","","","","","","","PUNCT","","",""
"9196","","потом","ПОТОМ","ADV -","","","следующая серия / _потом_ //  смеется","м","о","т","о","п","","ADV","ПОТОМ","ADV -","М"
"9197","","//","//","PUNCT","","","","","","","","","","PUNCT","","",""
"9198","<span class=""note"">","","","","","","","","","","","","","","","",""
"9199","<note>","смеется","","","","","","","","","","","","","","",""
"9200","</span>","","","","","","","","","","","","","","","",""
"9201","","","","","","","","","","","","","","","","",""
"9202","# sent = 759","","","","","","","","","","","","","","","",""
